{
  "kv_map": 15000000.0,
  "kv_mean": 17052618.628959216,
  "kv_p10": 15000000.0,
  "kv_p50": 15000000.0,
  "kv_p90": 20964813.563147392,
  "sigma_map": 6.0,
  "sigma_mean": 5.5465132173092835,
  "marginal_kv": [
    15000000.0,
    16770956.825757457,
    18750999.52342808,
    20964813.563147392,
    23439998.87517328,
    26207413.942088954,
    29301560.515835248,
    32761013.755892817,
    36628903.1512083,
    40953450.221584365,
    45788569.70213332,
    51194541.70584425,
    57238763.24421022,
    63996588.475226946,
    71552268.1542532,
    80000000.0
  ],
  "marginal_kv_probs": [
    0.5397887368620413,
    0.23427930923958817,
    0.10781051444969188,
    0.05259108055334567,
    0.027159610785820756,
    0.014816510276299363,
    0.008513970338125829,
    0.005135960385878242,
    0.0032405287905534277,
    0.002130309194938994,
    0.0014534838263091088,
    0.0010253002060745852,
    0.0007450002068799548,
    0.0005556514686955699,
    0.0004240034088874794,
    0.00033003000686971545
  ]
}