{
  "best_kv": 15000000.0,
  "best_rmse_mm": 8.80619880617965,
  "best_mae_mm": 8.232880622114532,
  "mc_wmax_p95_mm": 9.799072502241305,
  "mc_qmax_p95_kPa": 192.97573806105862
}