p1_id,p2_id,L_m,dw_mm,beta,beta_inv,ok
P01,P02,8.0,,,0,False
P02,P03,8.0,,,0,False
P04,P05,8.0,,,0,False
P02,P06,11.313708498984761,,,0,False
P06,P09,8.0,,,0,False
P04,P08,11.313708498984761,,,0,False
P01,P04,8.0,,,0,False
P02,P05,8.0,,,0,False
P06,P08,11.313708498984761,,,0,False
P07,P08,8.0,,,0,False
P05,P06,8.0,,,0,False
P04,P07,8.0,,,0,False
P03,P06,8.0,,,0,False
P02,P04,11.313708498984761,,,0,False
P05,P08,8.0,,,0,False
P08,P09,8.0,,,0,False
